[{"name":"class Login : AppCompatActivity","description":"com.example.fakenewsdetectionandroidapp.Login","location":"app/com.example.fakenewsdetectionandroidapp/-login/index.html","searchKeys":["Login","class Login : AppCompatActivity","com.example.fakenewsdetectionandroidapp.Login"]},{"name":"class MainActivity : AppCompatActivity","description":"com.example.fakenewsdetectionandroidapp.MainActivity","location":"app/com.example.fakenewsdetectionandroidapp/-main-activity/index.html","searchKeys":["MainActivity","class MainActivity : AppCompatActivity","com.example.fakenewsdetectionandroidapp.MainActivity"]},{"name":"class Result(id: String?, title: String?, confidence: Float?) : Comparable<Result> ","description":"com.example.fakenewsdetectionandroidapp.Result","location":"app/com.example.fakenewsdetectionandroidapp/-result/index.html","searchKeys":["Result","class Result(id: String?, title: String?, confidence: Float?) : Comparable<Result> ","com.example.fakenewsdetectionandroidapp.Result"]},{"name":"class TextClassificationClient(context: Context)","description":"com.example.fakenewsdetectionandroidapp.TextClassificationClient","location":"app/com.example.fakenewsdetectionandroidapp/-text-classification-client/index.html","searchKeys":["TextClassificationClient","class TextClassificationClient(context: Context)","com.example.fakenewsdetectionandroidapp.TextClassificationClient"]},{"name":"const val TAG: String","description":"com.example.fakenewsdetectionandroidapp.TextClassificationClient.Companion.TAG","location":"app/com.example.fakenewsdetectionandroidapp/-text-classification-client/-companion/-t-a-g.html","searchKeys":["TAG","const val TAG: String","com.example.fakenewsdetectionandroidapp.TextClassificationClient.Companion.TAG"]},{"name":"fun Login()","description":"com.example.fakenewsdetectionandroidapp.Login.Login","location":"app/com.example.fakenewsdetectionandroidapp/-login/-login.html","searchKeys":["Login","fun Login()","com.example.fakenewsdetectionandroidapp.Login.Login"]},{"name":"fun MainActivity()","description":"com.example.fakenewsdetectionandroidapp.MainActivity.MainActivity","location":"app/com.example.fakenewsdetectionandroidapp/-main-activity/-main-activity.html","searchKeys":["MainActivity","fun MainActivity()","com.example.fakenewsdetectionandroidapp.MainActivity.MainActivity"]},{"name":"fun Result(id: String?, title: String?, confidence: Float?)","description":"com.example.fakenewsdetectionandroidapp.Result.Result","location":"app/com.example.fakenewsdetectionandroidapp/-result/-result.html","searchKeys":["Result","fun Result(id: String?, title: String?, confidence: Float?)","com.example.fakenewsdetectionandroidapp.Result.Result"]},{"name":"fun TextClassificationClient(context: Context)","description":"com.example.fakenewsdetectionandroidapp.TextClassificationClient.TextClassificationClient","location":"app/com.example.fakenewsdetectionandroidapp/-text-classification-client/-text-classification-client.html","searchKeys":["TextClassificationClient","fun TextClassificationClient(context: Context)","com.example.fakenewsdetectionandroidapp.TextClassificationClient.TextClassificationClient"]},{"name":"fun classify(text: String?): List<Result>","description":"com.example.fakenewsdetectionandroidapp.TextClassificationClient.classify","location":"app/com.example.fakenewsdetectionandroidapp/-text-classification-client/classify.html","searchKeys":["classify","fun classify(text: String?): List<Result>","com.example.fakenewsdetectionandroidapp.TextClassificationClient.classify"]},{"name":"fun load()","description":"com.example.fakenewsdetectionandroidapp.TextClassificationClient.load","location":"app/com.example.fakenewsdetectionandroidapp/-text-classification-client/load.html","searchKeys":["load","fun load()","com.example.fakenewsdetectionandroidapp.TextClassificationClient.load"]},{"name":"fun unload()","description":"com.example.fakenewsdetectionandroidapp.TextClassificationClient.unload","location":"app/com.example.fakenewsdetectionandroidapp/-text-classification-client/unload.html","searchKeys":["unload","fun unload()","com.example.fakenewsdetectionandroidapp.TextClassificationClient.unload"]},{"name":"object Companion","description":"com.example.fakenewsdetectionandroidapp.TextClassificationClient.Companion","location":"app/com.example.fakenewsdetectionandroidapp/-text-classification-client/-companion/index.html","searchKeys":["Companion","object Companion","com.example.fakenewsdetectionandroidapp.TextClassificationClient.Companion"]},{"name":"open operator override fun compareTo(other: Result): Int","description":"com.example.fakenewsdetectionandroidapp.Result.compareTo","location":"app/com.example.fakenewsdetectionandroidapp/-result/compare-to.html","searchKeys":["compareTo","open operator override fun compareTo(other: Result): Int","com.example.fakenewsdetectionandroidapp.Result.compareTo"]},{"name":"open override fun toString(): String","description":"com.example.fakenewsdetectionandroidapp.Result.toString","location":"app/com.example.fakenewsdetectionandroidapp/-result/to-string.html","searchKeys":["toString","open override fun toString(): String","com.example.fakenewsdetectionandroidapp.Result.toString"]},{"name":"val confidence: Float?","description":"com.example.fakenewsdetectionandroidapp.Result.confidence","location":"app/com.example.fakenewsdetectionandroidapp/-result/confidence.html","searchKeys":["confidence","val confidence: Float?","com.example.fakenewsdetectionandroidapp.Result.confidence"]},{"name":"val title: String?","description":"com.example.fakenewsdetectionandroidapp.Result.title","location":"app/com.example.fakenewsdetectionandroidapp/-result/title.html","searchKeys":["title","val title: String?","com.example.fakenewsdetectionandroidapp.Result.title"]},{"name":"var classifier: BertNLClassifier? = null","description":"com.example.fakenewsdetectionandroidapp.TextClassificationClient.classifier","location":"app/com.example.fakenewsdetectionandroidapp/-text-classification-client/classifier.html","searchKeys":["classifier","var classifier: BertNLClassifier? = null","com.example.fakenewsdetectionandroidapp.TextClassificationClient.classifier"]}]
